Designator,Val,Package,Mid X,Mid Y,Rotation,Layer
AMS,AMS,SOT-223-3_L6.5-W3.4-P2.30-LS7.0-BR,114.17,-77.555,270.0,bottom
BRG,,R_1206_3216Metric,80.769999,-103.427501,270.0,bottom
BRG,,R_1206_3216Metric,110.87,-70.59,270.0,bottom
BRG,,R_1206_3216Metric,76.132499,-105.89,180.0,bottom
BRG,,R_1206_3216Metric,76.132499,-103.49,180.0,bottom
BRG,,R_1206_3216Metric,52.02,-145.24,50.0,bottom
BRG,,R_1206_3216Metric,53.910077,-143.810339,50.0,bottom
BRG,,R_1206_3216Metric,55.710077,-142.274143,50.0,bottom
BTN,SW_SPST_CK_RS282G05A3,SW_SPST_CK_RS282G05A3,81.27,-178.99,0.0,bottom
BTN,SW_SPST_CK_RS282G05A3,SW_SPST_CK_RS282G05A3,96.27,-170.99,325.0,bottom
BTN,SW_SPST_CK_RS282G05A3,SW_SPST_CK_RS282G05A3,66.27,-170.99,215.0,bottom
BUZZER,BUZZER,BUZ-SMD_4P-L8.5-W8.5-P8.50-BR,81.27,-87.99,0.0,bottom
EN,EN,R_0805_2012Metric,94.17,-63.99,90.0,bottom
ESP32,ESP32,ESP32-WROOM-32E,81.27,-70.76,0.0,bottom
LED,LED_WS2812B-2020_PLCC4_2.0x2.0mm,LED_WS2812B-2020_PLCC4_2.0x2.0mm,44.27,-149.99,234.0,bottom
LED,LED_WS2812B-2020_PLCC4_2.0x2.0mm,LED_WS2812B-2020_PLCC4_2.0x2.0mm,128.77,-109.99,92.0,bottom
LED,LED_WS2812B-2020_PLCC4_2.0x2.0mm,LED_WS2812B-2020_PLCC4_2.0x2.0mm,118.27,-149.99,126.0,bottom
LED,LED_WS2812B-2020_PLCC4_2.0x2.0mm,LED_WS2812B-2020_PLCC4_2.0x2.0mm,129.27,-74.99,90.0,bottom
LED,LED_WS2812B-2020_PLCC4_2.0x2.0mm,LED_WS2812B-2020_PLCC4_2.0x2.0mm,33.77,-109.99,268.0,bottom
LED,LED_WS2812B-2020_PLCC4_2.0x2.0mm,LED_WS2812B-2020_PLCC4_2.0x2.0mm,33.27,-74.99,270.0,bottom
LED,LED_WS2812B-2020_PLCC4_2.0x2.0mm,LED_WS2812B-2020_PLCC4_2.0x2.0mm,81.27,-144.49,180.0,bottom
LED,LED_WS2812B-2020_PLCC4_2.0x2.0mm,LED_WS2812B-2020_PLCC4_2.0x2.0mm,61.27,-137.99,215.0,bottom
LED,LED_WS2812B-2020_PLCC4_2.0x2.0mm,LED_WS2812B-2020_PLCC4_2.0x2.0mm,71.27,-142.99,200.0,bottom
LED,LED_WS2812B-2020_PLCC4_2.0x2.0mm,LED_WS2812B-2020_PLCC4_2.0x2.0mm,101.27,-137.99,145.0,bottom
LED,LED_WS2812B-2020_PLCC4_2.0x2.0mm,LED_WS2812B-2020_PLCC4_2.0x2.0mm,91.27,-142.99,160.0,bottom
